name,sequence
ADGRL1,MARLAAVLWNLCVTAVLVTSATQGLSRAGLPFGLMRRELACEGYPIELRCPGSDVIMVENANYGRTDDKICDADPFQMENVQCYLPDAFKIMSQRCNNRTQCVVVAGSDAFPDPCPGTYKYLEVQYDCVPYKVEQKVFVCPGTLQKVLEPTSTHESEHQSGAWCKDPLQAGDRIYVMPWIPYRTDTLTEYASWEDYVAARHTTTYRLPNRVDGTGFVVYDGAVFYNKERTRNIVKYDLRTRIKSGETVINTANYHDTSPYRWGGKTDIDLAVDENGLWVIYATEGNNGRLVVSQLNPYTLRFEGTWETGYDKRSASNAFMVCGVLYVLRSVYVDDDSEAAGNRVDYAFNTNANREEPVSLTFPNPYQFISSVDYNPRDNQLYVWNNYFVVRYSLEFGPPDPSAGPATSPPLSTTTTARPTPLTSTASPAATTPLRRAPLTTHPVGAINQLGPDLPPATAPVPSTRRPPAPNLHVSPELFCEPREVRRVQWPATQQGMLVERPCPKGTRGIASFQCLPALGLWNPRGPDLSNCTSPWVNQVAQKIKSGENAANIASELARHTRGSIYAGDVSSSVKLMEQLLDILDAQLQALRPIERESAGKNYNKMHKRERTCKDYIKAVVETVDNLLRPEALESWKDMNATEQVHTATMLLDVLEEGAFLLADNVREPARFLAAKENVVLEVTVLNTEGQVQELVFPQEEYPRKNSIQLSAKTIKQNSRNGVVKVVFILYNNLGLFLSTENATVKLAGEAGPGGPGGASLVVNSQVIAASINKESSRVFLMDPVIFTVAHLEDKNHFNANCSFWNYSERSMLGYWSTQGCRLVESNKTHTTCACSHLTNFAVLMAHREIYQGRINELLLSVITWVGIVISLVCLAICISTFCFLRGLQTDRNTIHKNLCINLFLAELLFLVGIDKTQYEIACPIFAGLLHYFFLAAFSWLCLEGVHLYLLLVEVFESEYSRTKYYYLGGYCFPALVVGIAAAIDYRSYGTEKACWLRVDNYFIWSFIGPVSFVIVVNLVFLMVTLHKMIRSSSVLKPDSSRLDNIKSWALGAIALLFLLGLTWAFGLLFINKESVVMAYLFTTFNAFQGVFIFVFHCALQKKVHKEYSKCLRHSYCCIRSPPGGTHGSLKTSAMRSNTRYYTGTQSRIRRMWNDTVRKQTESSFMAGDINSTPTLNRGTMGNHLLTNPVLQPRGGTSPYNTLIAESVGFNPSSPPVFNSPGSYREPKHPLGGREACGMDTLPLNGNFNNSYSLRSGDFPPGDGGPEPPRGRNLADAAAFEKMIISELVHNNLRGSSSAAKGPPPPEPPVPPVPGGGGEEEAGGPGGADRAEIELLYKALEEPLLLPRAQSVLYQSDLDESESCTAEDGATSRPLSSPPGRDSLYASGANLRDSPSYPDSSPEGPSEALPPPPPAPPGPPEIYYTSRPPALVARNPLQGYYQVRRPSHEGYLAAPGLEGPGPDGDGQMQLVTSL
5HT1B_HUMAN,MEEPGAQCAPPPPAGSETWVPQANLSSAPSQNCSAKDYIYQDSISLPWKVLLVMLLALITLATTLSNAFVIATVYRTRKLHTPANYLIASLAVTDLLVSILVMPISTMYTVTGRWTLGQVVCDFWLSSDITCCTASILHLCVIALDRYWAITDAVEYSAKRTPKRAAVMIALVWVFSISISLPPFFWRQAKAEEEVSECVVNTDHILYTVYSTVGAFYFPTLLLIALYGRIYVEARSRILKQTPNRTGKRLTRAQLITDSPGSTSSVTSINSRVPDVPSESGSPVYVNQVKVRVSDALLEKKKLMAARERKATKTLGIILGAFIVCWLPFFIISLVMPICKDACWFHLAIFDFFTWLGYLNSLINPIIYTMSNEDFKQAFHKLIRFKCTS
5HT7R_HUMAN,MMDVNSSGRPDLYGHLRSFLLPEVGRGLPDLSPDGGADPVAGSWAPHLLSEVTASPAPTWDAPPDNASGCGEQINYGRVEKVVIGSILTLITLLTIAGNCLVVISVCFVKKLRQPSNYLIVSLALADLSVAVAVMPFVSVTDLIGGKWIFGHFFCNVFIAMDVMCCTASIMTLCVISIDRYLGITRPLTYPVRQNGKCMAKMILSVWLLSASITLPPLFGWAQNVNDDKVCLISQDFGYTIYSTAVAFYIPMSVMLFMYYQIYKAARKSAAKHKFPGFPRVEPDSVIALNGIVKLQKEVEECANLSRLLKHERKNISIFKREQKAATTLGIIVGAFTVCWLPFFLLSTARPFICGTSCSCIPLWVERTFLWLGYANSLINPFIYAFFNRDLRTTYRSLLQCQYRNINRKLSAAGMHEALKLAERPERPEFVLRACTRRVLLRPEKRPPVSVWVLQSPDHHNWLADKMLTTVEKKVMIHD
AGRG6_HUMAN,MMFRSDRMWSCHWKWKPSPLLFLFALYIMCVPHSVWGCANCRVVLSNPSGTFTSPCYPNDYPNSQACMWTLRAPTGYIIQITFNDFDIEEAPNCIYDSLSLDNGESQTKFCGATAKGLSFNSSANEMHVSFSSDFSIQKKGFNASYIRVAVSLRNQKVILPQTSDAYQVSVAKSISIPELSAFTLCFEATKVGHEDSDWTAFSYSNASFTQLLSFGKAKSGYFLSISDSKCLLNNALPVKEKEDIFAESFEQLCLVWNNSLGSIGVNFKRNYETVPCDSTISKVIPGNGKLLLGSNQNEIVSLKGDIYNFRLWNFTMNAKILSNLSCNVKGNVVDWQNDFWNIPNLALKAESNLSCGSYLIPLPAAELASCADLGTLCQATVNSPSTTPPTVTTNMPVTNRIDKQRNDGIIYRISVVIQNILRHPEVKVQSKVAEWLNSTFQNWNYTVYVVNISFHLSAGEDKIKVKRSLEDEPRLVLWALLVYNATNNTNLEGKIIQQKLLKNNESLDEGLRLHTVNVRQLGHCLAMEEPKGYYWPSIQPSEYVLPCPDKPGFSASRICFYNATNPLVTYWGPVDISNCLKEANEVANQILNLTADGQNLTSANITNIVEQVKRIVNKEENIDITLGSTLMNIFSNILSSSDSDLLESSSEALKTIDELAFKIDLNSTSHVNITTRNLALSVSSLLPGTNAISNFSIGLPSNNESYFQMDFESGQVDPLASVILPPNLLENLSPEDSVLVRRAQFTFFNKTGLFQDVGPQRKTLVSYVMACSIGNITIQNLKDPVQIKIKHTRTQEVHHPICAFWDLNKNKSFGGWNTSGCVAHRDSDASETVCLCNHFTHFGVLMDLPRSASQLDARNTKVLTFISYIGCGISAIFSAATLLTYVAFEKLRRDYPSKILMNLSTALLFLNLLFLLDGWITSFNVDGLCIAVAVLLHFFLLATFTWMGLEAIHMYIALVKVFNTYIRRYILKFCIIGWGLPALVVSVVLASRNNNEVYGKESYGKEKGDEFCWIQDPVIFYVTCAGYFGVMFFLNIAMFIVVMVQICGRNGKRSNRTLREEVLRNLRSVVSLTFLLGMTWGFAFFAWGPLNIPFMYLFSIFNSLQGLFIFIFHCAMKENVQKQWRQHLCCGRFRLADNSDWSKTATNIIKKSSDNLGKSLSSSSIGSNSTYLTSKSKSSSTTYFKRNSHTDNVSYEHSFNKSGSLRQCFHGQVLVKTGPC
AGRL4_HUMAN,MKRLPLLVVFSTLLNCSYTQNCTKTPCLPNAKCEIRNGIEACYCNMGFSGNGVTICEDDNECGNLTQSCGENANCTNTEGSYYCMCVPGFRSSSNQDRFITNDGTVCIENVNANCHLDNVCIAANINKTLTKIRSIKEPVALLQEVYRNSVTDLSPTDIITYIEILAESSSLLGYKNNTISAKDTLSNSTLTEFVKTVNNFVQRDTFVVWDKLSVNHRRTHLTKLMHTVEQATLRISQSFQKTTEFDTNSTDIALKVFFFDSYNMKHIHPHMNMDGDYINIFPKRKAAYDSNGNVAVAFVYYKSIGPLLSSSDNFLLKPQNYDNSEEEERVISSVISVSMSSNPPTLYELEKITFTLSHRKVTDRYRSLCAFWNYSPDTMNGSWSSEGCELTYSNETHTSCRCNHLTHFAILMSSGPSIGIKDYNILTRITQLGIIISLICLAICIFTFWFFSEIQSTRTTIHKNLCCSLFLAELVFLVGINTNTNKLFCSIIAGLLHYFFLAAFAWMCIEGIHLYLIVVGVIYNKGFLHKNFYIFGYLSPAVVVGFSAALGYRYYGTTKVCWLSTENNFIWSFIGPACLIILVNLLAFGVIIYKVFRHTAGLKPEVSCFENIRSCARGALALLFLLGTTWIFGVLHVVHASVVTAYLFTVSNAFQGMFIFLFLCVLSRKIQEEYYRLFKNVPCCFGCLR
5HT1F_HUMAN,MDFLNSSDQNLTSEELLNRMPSKILVSLTLSGLALMTTTINSLVIAAIIVTRKLHHPANYLICSLAVTDFLVAVLVMPFSIVYIVRESWIMGQVVCDIWLSVDITCCTCSILHLSAIALDRYRAITDAVEYARKRTPKHAGIMITIVWIISVFISMPPLFWRHQGTSRDDECIIKHDHIVSTIYSTFGAFYIPLALILILYYKIYRAAKTLYHKRQASRIAKEEVNGQVLLESGEKSTKSVSTSYVLEKSLSDPSTDFDKIHSTVRSLRSEFKHEKSWRRQKISGTRERKAATTLGLILGAFVICWLPFFVKELVVNVCDKCKISEEMSNFLAWLGYLNSLINPLIYTIFNEDFKKAFQKLVRCRC
CALCR_HUMAN,MRFTFTSRCLALFLLLNHPTPILPAFSNQTYPTIEPKPFLYVVGRKKMMDAQYKCYDRMQQLPAYQGEGPYCNRTWDGWLCWDDTPAGVLSYQFCPDYFPDFDPSEKVTKYCDEKGVWFKHPENNRTWSNYTMCNAFTPEKLKNAYVLYYLAIVGHSLSIFTLVISLGIFVFFRSLGCQRVTLHKNMFLTYILNSMIIIIHLVEVVPNGELVRRDPVSCKILHFFHQYMMACNYFWMLCEGIYLHTLIVVAVFTEKQRLRWYYLLGWGFPLVPTTIHAITRAVYFNDNCWLSVETHLLYIIHGPVMAALVVNFFFLLNIVRVLVTKMRETHEAESHMYLKAVKATMILVPLLGIQFVVFPWRPSNKMLGKIYDYVMHSLIHFQGFFVATIYCFCNNEVQTTVKRQWAQFKIQWNQRWGRRPSNRSARAAAAAAEAGDIPIYICHQEPRNEPANNQGEESAEIIPLNIIEQESSA
CALRL_HUMAN,MEKKCTLNFLVLLPFFMILVTAELEESPEDSIQLGVTRNKIMTAQYECYQKIMQDPIQQAEGVYCNRTWDGWLCWNDVAAGTESMQLCPDYFQDFDPSEKVTKICDQDGNWFRHPASNRTWTNYTQCNVNTHEKVKTALNLFYLTIIGHGLSIASLLISLGIFFYFKSLSCQRITLHKNLFFSFVCNSVVTIIHLTAVANNQALVATNPVSCKVSQFIHLYLMGCNYFWMLCEGIYLHTLIVVAVFAEKQHLMWYYFLGWGFPLIPACIHAIARSLYYNDNCWISSDTHLLYIIHGPICAALLVNLFFLLNIVRVLITKLKVTHQAESNLYMKAVRATLILVPLLGIEFVLIPWRPEGKIAEEVYDYIMHILMHFQGLLVSTIFCFFNGEVQAILRRNWNQYKIQFGNSFSNSEALRSASYTVSTISDGPGYSHDCPSEHLNGKSIHDIENVLLKPENLYN
5HT1D_HUMAN,MSPLNQSAEGLPQEASNRSLNATETSEAWDPRTLQALKISLAVVLSVITLATVLSNAFVLTTILLTRKLHTPANYLIGSLATTDLLVSILVMPISIAYTITHTWNFGQILCDIWLSSDITCCTASILHLCVIALDRYWAITDALEYSKRRTAGHAATMIAIVWAISICISIPPLFWRQAKAQEEMSDCLVNTSQISYTIYSTCGAFYIPSVLLIILYGRIYRAARNRILNPPSLYGKRFTTAHLITGSAGSSLCSLNSSLHEGHSHSAGSPLFFNHVKIKLADSALERKRISAARERKATKILGIILGAFIICWLPFFVVSLVLPICRDSCWIHPALFDFFTWLGYLNSLINPIIYTVFNEEFRQAFQKIVPFRKAS
