id,seq,description,name,organism
sp|O94910|AGRL1_HUMAN,MARLAAVLWNLCVTAVLVTSATQGLSRAGLPFGLMRRELACEGYPIELRCPGSDVIMVENANYGRTDDKICDADPFQMENVQCYLPDAFKIMSQRCNNRTQCVVVAGSDAFPDPCPGTYKYLEVQYDCVPYKVEQKVFVCPGTLQKVLEPTSTHESEHQSGAWCKDPLQAGDRIYVMPWIPYRTDTLTEYASWEDYVAARHTTTYRLPNRVDGTGFVVYDGAVFYNKERTRNIVKYDLRTRIKSGETVINTANYHDTSPYRWGGKTDIDLAVDENGLWVIYATEGNNGRLVVSQLNPYTLRFEGTWETGYDKRSASNAFMVCGVLYVLRSVYVDDDSEAAGNRVDYAFNTNANREEPVSLTFPNPYQFISSVDYNPRDNQLYVWNNYFVVRYSLEFGPPDPSAGPATSPPLSTTTTARPTPLTSTASPAATTPLRRAPLTTHPVGAINQLGPDLPPATAPVPSTRRPPAPNLHVSPELFCEPREVRRVQWPATQQGMLVERPCPKGTRGIASFQCLPALGLWNPRGPDLSNCTSPWVNQVAQKIKSGENAANIASELARHTRGSIYAGDVSSSVKLMEQLLDILDAQLQALRPIERESAGKNYNKMHKRERTCKDYIKAVVETVDNLLRPEALESWKDMNATEQVHTATMLLDVLEEGAFLLADNVREPARFLAAKENVVLEVTVLNTEGQVQELVFPQEEYPRKNSIQLSAKTIKQNSRNGVVKVVFILYNNLGLFLSTENATVKLAGEAGPGGPGGASLVVNSQVIAASINKESSRVFLMDPVIFTVAHLEDKNHFNANCSFWNYSERSMLGYWSTQGCRLVESNKTHTTCACSHLTNFAVLMAHREIYQGRINELLLSVITWVGIVISLVCLAICISTFCFLRGLQTDRNTIHKNLCINLFLAELLFLVGIDKTQYEIACPIFAGLLHYFFLAAFSWLCLEGVHLYLLLVEVFESEYSRTKYYYLGGYCFPALVVGIAAAIDYRSYGTEKACWLRVDNYFIWSFIGPVSFVIVVNLVFLMVTLHKMIRSSSVLKPDSSRLDNIKSWALGAIALLFLLGLTWAFGLLFINKESVVMAYLFTTFNAFQGVFIFVFHCALQKKVHKEYSKCLRHSYCCIRSPPGGTHGSLKTSAMRSNTRYYTGTQSRIRRMWNDTVRKQTESSFMAGDINSTPTLNRGTMGNHLLTNPVLQPRGGTSPYNTLIAESVGFNPSSPPVFNSPGSYREPKHPLGGREACGMDTLPLNGNFNNSYSLRSGDFPPGDGGPEPPRGRNLADAAAFEKMIISELVHNNLRGSSSAAKGPPPPEPPVPPVPGGGGEEEAGGPGGADRAEIELLYKALEEPLLLPRAQSVLYQSDLDESESCTAEDGATSRPLSSPPGRDSLYASGANLRDSPSYPDSSPEGPSEALPPPPPAPPGPPEIYYTSRPPALVARNPLQGYYQVRRPSHEGYLAAPGLEGPGPDGDGQMQLVTSL,sp|O94910|AGRL1_HUMAN Adhesion G protein-coupled receptor L1 OS=Homo sapiens OX=9606 GN=ADGRL1 PE=1 SV=1,sp|O94910|AGRL1_HUMAN,human
sp|Q80TR1|AGRL1_MOUSE,MARLAAALWSLCVTTVLVTSATQGLSRAGLPFGLMRRELACEGYPIELRCPGSDVIMVENANYGRTDDKICDADPFQMENVQCYLPDAFKIMSQRCNNRTQCVVVAGSDAFPDPCPGTYKYLEVQYDCVPYIFVCPGTLQKVLEPTSTHESEHQSGAWCKDPLQAGDRIYVMPWIPYRTDTLTEYASWEDYVAARHTTTYRLPNRVDGTGFVVYDGAVFYNKERTRNIVKYDLRTRIKSGETVINTANYHDTSPYRWGGKTDIDLAVDENGLWVIYATEGNNGRLVVSQLNPYTLRFEGTWETGYDKRSASNAFMVCGVLYVLRSVYVDDDSEAAGNRVDYAFNTNANREEPVSLAFPNPYQFVSSVDYNPRDNQLYVWNNYFVVRYSLEFGPPDPSAGPATSPPLSTTTTARPTPLTSTASPAATTPLRRAPLTTHPVGAINQLGPDLPPATAPAPSTRRPPAPNLHVSPELFCEPREVRRVQWPATQQGMLVERPCPKGTRGIASFQCLPALGLWNPRGPDLSNCTSPWVNQVAQKIKSGENAANIASELARHTRGSIYAGDVSSSVKLMEQLLDILDAQLQALRPIERESAGKNYNKMHKRERTCKDYIKAVVETVDNLLRPEALESWKDMNATEQVHTATMLLDVLEEGAFLLADNVREPARFLAAKQNVVLEVTVLNTEGQVQELVFPQEYPSENSIQLSANTIKQNSRNGVVKVVFILYNNLGLFLSTENATVKLAGEAGTGGPGGASLVVNSQVIAASINKESSRVFLMDPVIFTVAHLEAKNHFNANCSFWNYSERSMLGYWSTQGCRLVESNKTHTTCACSHLTNFAVLMAHREIYQGRINELLLSVITWVGIVISLVCLAICISTFCFLRGLQTDRNTIHKNLCINLFLAELLFLVGIDKTQYEVACPIFAGLLHYFFLAAFSWLCLEGVHLYLLLVEVFESEYSRTKYYYLGGYCFPALVVGIAAAIDYRSYGTEKACWLRVDNYFIWSFIGPVSFVIVVNLVFLMVTLHKMIRSSSVLKPDSSRLDNIKSWALGAIALLFLLGLTWAFGLLFINKESVVMAYLFTTFNAFQGVFIFVFHCALQKKVHKEYSKCLRHSYCCIRSPPGGTHGSLKTSAMRSNTRYYTGTQSRIRRMWNDTVRKQTESSFMAGDINSTPTLNRGTMGNHLLTNPVLQPRGGTSPYNTLIAESVGFNPSSPPVFNSPGSYREPKHPLGGREACGMDTLPLNGNFNNSYSLRSGDFPPGDGGPEPPRGRNLADAAAFEKMIISELVHNNLRGASGGAKGPPPEPPVPPVPGVSEDEAGGPGSADRAEIELLYKALEEPLLLPRAQSVLYQSDLDESESCTAEDGATSRPLSSPPGRDSLYASGANLRDSPSYPDSSPEGPNEALPPPPPAPPGPPEIYYTSRPPALVARNPLQGYYQVRRPSHEGYLAAPSLEGPGPDGDGQMQLVTSL,sp|Q80TR1|AGRL1_MOUSE Adhesion G protein-coupled receptor L1 OS=Mus musculus OX=10090 GN=Adgrl1 PE=1 SV=2,sp|Q80TR1|AGRL1_MOUSE,mouse
sp|P28222|5HT1B_HUMAN,MEEPGAQCAPPPPAGSETWVPQANLSSAPSQNCSAKDYIYQDSISLPWKVLLVMLLALITLATTLSNAFVIATVYRTRKLHTPANYLIASLAVTDLLVSILVMPISTMYTVTGRWTLGQVVCDFWLSSDITCCTASILHLCVIALDRYWAITDAVEYSAKRTPKRAAVMIALVWVFSISISLPPFFWRQAKAEEEVSECVVNTDHILYTVYSTVGAFYFPTLLLIALYGRIYVEARSRILKQTPNRTGKRLTRAQLITDSPGSTSSVTSINSRVPDVPSESGSPVYVNQVKVRVSDALLEKKKLMAARERKATKTLGIILGAFIVCWLPFFIISLVMPICKDACWFHLAIFDFFTWLGYLNSLINPIIYTMSNEDFKQAFHKLIRFKCTS,sp|P28222|5HT1B_HUMAN 5-hydroxytryptamine receptor 1B OS=Homo sapiens OX=9606 GN=HTR1B PE=1 SV=1,sp|P28222|5HT1B_HUMAN,human
sp|P79250|5HT1B_CANLF,MEAAGAPCAPPPPAGSQTGAPPANLSSAPHNCSAEGYIYQDSVALPWKVLLVILLALITLATTLSNAFVIATVYRTRKLHTPANYLIASLAVTDLLVSILVMPISTMYTVTGRWTLGQVVCDLWLSSDITCCTASILHLCVIALDRYWAITDAVEYSAKRTPKRAAVMIALVWVFSISISLPPFFWRQAKAEEEVSDCVVNTDHILYTVYSTVGAFYFPTLLLIALYGRIYVEARSRILKQTPNRTGKRLTRAQLITDSPGSTSSVTSVNSRAPDVPSESGSPVYVNQVKVRVSDALLEKKKLMAARERKATKTLGIILGAFIVCWLPFFIISLVMPICKDACWFHLAIFDFFTWLGYLNSLINPIIYTMSNEDFKQAFHKLIRFKCAG,sp|P79250|5HT1B_CANLF 5-hydroxytryptamine receptor 1B OS=Canis lupus familiaris OX=9615 GN=HTR1B PE=2 SV=2,sp|P79250|5HT1B_CANLF,dog
sp|P28334|5HT1B_MOUSE,MEEQGIQCAPPPPAASQTGVPLTNLSHNCSADGYIYQDSIALPWKVLLVALLALITLATTLSNAFVIATVYRTRKLHTPANYLIASLAVTDLLVSILVMPISTMYTVTGRWTLGQVVCDFWLSSDITCCTASIMHLCVIALDRYWAITDAVEYSAKRTPKRAAIMIVLVWVFSISISLPPFFWRQAKAEEEMLDCFVNTDHVLYTVYSTVGAFYLPTLLLIALYGRIYVEARSRILKQTPNKTGKRLTRAQLITDSPGSTSSVTSINSRAPDVPSESGSPVYVNQVKVRVSDALLEKKKLMAARERKATKTLGIILGAFIVCWLPFFIISLVMPICKDACWFHMAIFDFFNWLGYLNSLINPIIYTMSNEDFKQAFHKLIRFKCAG,sp|P28334|5HT1B_MOUSE 5-hydroxytryptamine receptor 1B OS=Mus musculus OX=10090 GN=Htr1b PE=2 SV=1,sp|P28334|5HT1B_MOUSE,mouse
sp|P34969|5HT7R_HUMAN,MMDVNSSGRPDLYGHLRSFLLPEVGRGLPDLSPDGGADPVAGSWAPHLLSEVTASPAPTWDAPPDNASGCGEQINYGRVEKVVIGSILTLITLLTIAGNCLVVISVCFVKKLRQPSNYLIVSLALADLSVAVAVMPFVSVTDLIGGKWIFGHFFCNVFIAMDVMCCTASIMTLCVISIDRYLGITRPLTYPVRQNGKCMAKMILSVWLLSASITLPPLFGWAQNVNDDKVCLISQDFGYTIYSTAVAFYIPMSVMLFMYYQIYKAARKSAAKHKFPGFPRVEPDSVIALNGIVKLQKEVEECANLSRLLKHERKNISIFKREQKAATTLGIIVGAFTVCWLPFFLLSTARPFICGTSCSCIPLWVERTFLWLGYANSLINPFIYAFFNRDLRTTYRSLLQCQYRNINRKLSAAGMHEALKLAERPERPEFVLRACTRRVLLRPEKRPPVSVWVLQSPDHHNWLADKMLTTVEKKVMIHD,sp|P34969|5HT7R_HUMAN 5-hydroxytryptamine receptor 7 OS=Homo sapiens OX=9606 GN=HTR7 PE=1 SV=2,sp|P34969|5HT7R_HUMAN,human
sp|P32304|5HT7R_MOUSE,MMDVNSSGRPDLYGHLRSLILPEVGRRLQDLSPDGGAHSVVSSWMPHLLSGFPEVTASPAPTWDAPPDNVSGCGEQINYGRVEKVVIGSILTLITLLTIAGNCLVVISVCFVKKLRQPSNYLIVSLALADLSVAVAVMPFVSVTDLIGGKWIFGHFFCNVFIAMDVMCCTASIMTLCVISIDRYLGITRPLTYPVRQNGKCMAKMILSVWLLSASITLPPLFGWAQNVNDDKVCLISQDFGYTIYSTAVAFYIPMSVMLFMYYQIYKAARKSAAKHKFSGFPRVQPESVISLNGVVKLQKEVEECANLSRLLKHERKNISIFKREQKAATTLGIIVGAFTVCWLPFFLLSTARPFICGTSCSCIPLWVERTCLWLGYANSLINPFIYAFFNRDLRTTYRSLLQCQYRNINRKLSAAGMHEALKLAERPERSEFVLQNCDHCGKKGHDT,sp|P32304|5HT7R_MOUSE 5-hydroxytryptamine receptor 7 OS=Mus musculus OX=10090 GN=Htr7 PE=2 SV=2,sp|P32304|5HT7R_MOUSE,mouse
sp|Q9HBW9|AGRL4_HUMAN,MKRLPLLVVFSTLLNCSYTQNCTKTPCLPNAKCEIRNGIEACYCNMGFSGNGVTICEDDNECGNLTQSCGENANCTNTEGSYYCMCVPGFRSSSNQDRFITNDGTVCIENVNANCHLDNVCIAANINKTLTKIRSIKEPVALLQEVYRNSVTDLSPTDIITYIEILAESSSLLGYKNNTISAKDTLSNSTLTEFVKTVNNFVQRDTFVVWDKLSVNHRRTHLTKLMHTVEQATLRISQSFQKTTEFDTNSTDIALKVFFFDSYNMKHIHPHMNMDGDYINIFPKRKAAYDSNGNVAVAFVYYKSIGPLLSSSDNFLLKPQNYDNSEEEERVISSVISVSMSSNPPTLYELEKITFTLSHRKVTDRYRSLCAFWNYSPDTMNGSWSSEGCELTYSNETHTSCRCNHLTHFAILMSSGPSIGIKDYNILTRITQLGIIISLICLAICIFTFWFFSEIQSTRTTIHKNLCCSLFLAELVFLVGINTNTNKLFCSIIAGLLHYFFLAAFAWMCIEGIHLYLIVVGVIYNKGFLHKNFYIFGYLSPAVVVGFSAALGYRYYGTTKVCWLSTENNFIWSFIGPACLIILVNLLAFGVIIYKVFRHTAGLKPEVSCFENIRSCARGALALLFLLGTTWIFGVLHVVHASVVTAYLFTVSNAFQGMFIFLFLCVLSRKIQEEYYRLFKNVPCCFGCLR,sp|Q9HBW9|AGRL4_HUMAN Adhesion G protein-coupled receptor L4 OS=Homo sapiens OX=9606 GN=ADGRL4 PE=1 SV=3,sp|Q9HBW9|AGRL4_HUMAN,human
sp|Q923X1|AGRL4_MOUSE,MRLLPLLVGFSTLLNCSYTQNCSKTTCLPNAKCEVHNGVEACFCSQGYSGNGVTICEDIDECSESSVCGDHAVCENVNGGFSCFCREGYQTATGKSQFTPNDGSYCQDIDECSESSVCGDHAVCENVNGGFSCFCREGYQTATGKSQFTPNDGSYCQESMNSNCHLEHACIAANINKTLKRIGPITEQTTLLQEIYRNSEAELSLMDIVTYIEILTESSSLLGHPNSTTSYKDAHFNSTLTEFGETINNFVERSTHKMWDQLPTNHRRLHLTKLMHTAELVTLQIAQNTQKNSQFDMNSTDLALKVFAFDSTHMKHAHPHMNVDGGYVKISPRRKAAHGTTGNVVVAFLCYKSIGPLLSSSDNFLLDTQNDNSEGKEKVISSVISASISSNPPTLYELEKITFTLSHVKLSDKHRTQCAFWNYSVDAMNNGSWSTEGCELTHSNDTHTSCRCSHLTHFAILMSSTSSIGIKDYNILTRITQLGIIISLICLAICIFTFWFFSEIQSTRTTIHKNLCCSLFLAELVFLIGININTNKLVCSIIAGLLHYFFLAAFAWMCIEGIHLYLIVVGVIYNKGFLHKNFYIFGYLSPAVVVGFSASLGYRYYGTTKVCWLSTENNFIWSFIGPACLIILVNLLAFGVIIYKVFRHTAGLKPEVSCYENIRSCARGALALLFLLGTTWIFGVLHVVHASVVTAYLFTVSNAFQGMFIFLFLCVLSRKIQEEYYRLFKNVPCCFGCLR,sp|Q923X1|AGRL4_MOUSE Adhesion G protein-coupled receptor L4 OS=Mus musculus OX=10090 GN=Adgrl4 PE=2 SV=3,sp|Q923X1|AGRL4_MOUSE,mouse
sp|Q7SY09|AGRL4_DANRE,MKLLLFAAWFSSLLDPCRFLDICQSCHPNADCDDICKCRTGYTGNGISDCRDDNECETVPEICGLHANCTNYVGGYYCNCLSGFISNGTEQFQTNDGTSCNDINECEEDRKCGPNSKCHNNIGSFICSCLRGYTSPAGPWFMPNHGTDCIENSKIHCHQDHKCTKETVNSTLERMTNLSISERLKEIRYQTSAALSPVLLISYIEAMVSSKLNSGDVSKDSKEHVNETITNLVFSVNNLVEKDEKVEWKKINEDLRMYYVTKLLHTAEKETLALSAGYTHATQMQVHAGDVEMKLYTFEPRQAQKHPLSANIQGNSISLSTKKARHANNNGSTSVVFLIYHSIGDLLKPADDPGVADYSRYAAAGEITVNSPVIAAAISNQKTLPLNDVTFTLKHTQEIDPARDETKCAFWEYSPSMMGHWSLDGCIRTRVNTTHTSCSCNHLTHFAILMSSARANLLAHYNVLTRITQLGMVISLICLSMCIFTFWFFRDIQNTRTTIHKNLCCSLFMAQFIFLIGINKSAHKWFCSLIAGLLHYFFLAAFAWMCIEGIHLYLIVVGVIYNKGFLHRNFYAFGYGSPAVVVAISATLGYKYYGTSSVCWLSTENNFIWSFIGPAILIILVNLLAFAVIIYKVYRHTAVKKPEISHYENIRSCARGAIALLFVLGVTWAFGVMYILYETTLTAYLFTFANVFQGMFIFIFLCVLSRRIQEEYYRLFKNMPCCFECLR,sp|Q7SY09|AGRL4_DANRE Adhesion G protein-coupled receptor L4 OS=Danio rerio OX=7955 GN=adgrl4 PE=2 SV=2,sp|Q7SY09|AGRL4_DANRE,zebrafish
